date,generated_at,score,state,multiplier,ndx_change,spx_change,qqq_change,qqq_5d_change,qqq_20d_change,vxn,us10y,forward_pe,forward_pe_percentile,ttm_pe,ttm_pe_percentile,cnn_fear_greed,naaim,rsi,ma200_dev,valuation_score,sentiment_score,trend_score,positioning_score,macro_score,data_quality,one_line_summary
2026-08-07,2026-08-08T23:55:23+08:00,41.7,偏热,0.6,1.19,0.62,1.17,5.09,-0.34,22.82,4.66,21.47,37.5,36.25,96.7,63.7,84.02,57.15,11.6,40.3,55.7,41.4,16.0,35.0,complete,科技股今日跑赢大盘；市场处于偏热区间，模型参考定投倍率为 0.6x。
2026-08-10,2026-08-11T07:58:38+08:00,42.1,偏热,0.6,-0.34,-0.06,-0.3,2.97,1.28,23.04,4.7,21.47,37.5,36.25,96.7,63.7,84.02,56.18,11.18,40.3,56.8,41.9,16.0,35.0,stale,大盘今日相对更强；市场处于偏热区间，模型参考定投倍率为 0.6x。
2026-08-11,2026-08-12T08:05:43+08:00,41.2,偏热,0.6,-0.33,-0.32,-0.34,-0.75,-0.17,22.38,4.68,21.47,37.5,36.25,96.7,63.7,84.02,55.06,10.71,40.3,53.0,42.5,16.0,35.0,stale,大盘今日相对更强；市场处于偏热区间，模型参考定投倍率为 0.6x。
2026-08-12,2026-08-13T08:05:31+08:00,39.2,偏热,0.6,0.74,0.26,0.73,0.89,0.83,20.97,4.68,21.47,37.5,36.25,96.7,63.7,84.02,57.06,11.42,40.3,45.8,41.5,16.0,35.0,stale,科技股今日跑赢大盘；市场处于偏热区间，模型参考定投倍率为 0.6x。
2026-08-13,2026-08-14T08:06:03+08:00,39.2,偏热,0.6,1.15,0.65,1.16,2.44,3.7,21.23,4.64,21.47,37.5,36.25,96.7,63.7,84.02,60.12,12.61,40.3,47.0,39.9,16.0,35.0,stale,科技股今日跑赢大盘；市场处于偏热区间，模型参考定投倍率为 0.6x。
2026-08-14,2026-08-15T16:36:46+08:00,39.3,偏热,0.6,-0.13,-0.17,-0.14,1.11,5.14,20.72,4.7,20.5,37.5,30.9,96.7,64.9714285714286,77.34,59.57,12.37,40.3,44.6,40.2,22.7,35.0,complete,科技股今日跑赢大盘；市场处于偏热区间，模型参考定投倍率为 0.6x。
2026-08-17,2026-08-18T07:44:14+08:00,40.8,偏热,0.6,-0.17,-0.52,-0.16,1.25,4.86,21.51,4.72,20.5,37.5,30.9,96.7,59.9714285714286,77.34,58.88,12.1,40.3,50.2,40.6,22.7,35.0,complete,科技股今日跑赢大盘；市场处于偏热区间，模型参考定投倍率为 0.6x。
2026-08-18,2026-08-19T07:44:09+08:00,43.3,偏热,0.6,-1.68,-0.69,-1.69,-0.13,1.2,22.56,4.71,20.1,37.5,30.8,96.7,54.4,77.34,52.18,10.13,40.3,57.7,43.9,22.7,35.0,complete,大盘今日相对更强；市场处于偏热区间，模型参考定投倍率为 0.6x。
2026-08-19,2026-08-20T07:44:42+08:00,44.7,偏热,0.6,-0.22,0.21,-0.2,-1.05,1.52,22.04,4.65,20.1,37.5,30.8,96.7,56.3428571428571,77.34,51.45,9.83,40.3,54.7,54.3,22.7,35.0,incomplete,大盘今日相对更强；市场处于偏热区间，模型参考定投倍率为 0.6x。
2026-08-20,2026-08-21T07:48:12+08:00,46.3,偏热,0.6,-0.72,-0.87,-0.72,-2.89,2.74,23.26,4.7,20.1,37.5,30.8,96.7,52.4857142857143,82.02,48.8,8.98,40.3,62.2,55.6,18.0,35.0,incomplete,科技股今日跑赢大盘；市场处于偏热区间，模型参考定投倍率为 0.6x。
2026-08-21,2026-08-22T07:45:47+08:00,44.2,偏热,0.6,0.33,0.43,0.35,-2.41,4.27,21.98,4.74,20.1,37.5,30.8,96.7,55.1714285714286,82.02,50.15,9.29,40.3,54.4,54.9,18.0,35.0,incomplete,大盘今日相对更强；市场处于偏热区间，模型参考定投倍率为 0.6x。
2026-08-24,2026-08-25T07:43:47+08:00,45.6,偏热,0.6,-0.97,-0.28,-1.0,-3.23,3.55,22.69,4.7,20.1,37.5,30.8,96.7,55.0285714285714,82.02,46.42,8.13,40.3,58.4,56.8,18.0,35.0,incomplete,大盘今日相对更强；市场处于偏热区间，模型参考定投倍率为 0.6x。
2026-08-25,2026-08-26T07:46:52+08:00,43.7,偏热,0.6,0.64,0.32,0.62,-0.95,5.22,21.79,4.64,20.1,37.5,30.8,96.7,58.8,82.02,48.95,8.73,40.3,51.9,55.5,18.0,35.0,incomplete,科技股今日跑赢大盘；市场处于偏热区间，模型参考定投倍率为 0.6x。
2026-08-26,2026-08-27T12:36:15+08:00,43.6,偏热,0.6,0.05,-0.02,0.09,-0.66,7.5,21.42,4.66,20.1,37.5,30.8,96.7,54.9428571428571,82.02,49.33,8.75,40.3,51.4,55.3,18.0,35.0,incomplete,科技股今日跑赢大盘；市场处于偏热区间，模型参考定投倍率为 0.6x。
2026-08-27,2026-08-28T14:59:05+08:00,37.7,偏热,0.6,1.43,0.72,1.37,1.43,5.49,20.24,4.67,20.1,37.5,30.8,96.7,58.0571428571429,98.39,54.76,10.14,40.3,44.5,42.6,1.6,35.0,incomplete,科技股今日跑赢大盘；市场处于偏热区间，模型参考定投倍率为 0.6x。
2026-08-28,2026-08-29T12:14:29+08:00,38.0,偏热,0.6,1.43,0.72,1.37,1.43,5.49,20.24,4.72,20.1,37.5,30.8,96.7,54.4285714285714,98.39,54.76,10.14,40.3,45.9,42.6,1.6,35.0,incomplete,科技股今日跑赢大盘；市场处于偏热区间，模型参考定投倍率为 0.6x。
2026-08-31,2026-09-01T09:56:10+08:00,40.7,偏热,0.6,0.08,-0.33,0.05,1.48,2.38,20.18,4.76,20.1,37.5,30.8,96.7,49.7142857142857,98.39,52.07,9.32,40.3,47.5,54.0,1.6,35.0,incomplete,科技股今日跑赢大盘；市场处于偏热区间，模型参考定投倍率为 0.6x。
2026-09-01,2026-09-02T09:10:31+08:00,44.0,偏热,0.6,-1.29,-0.71,-1.27,-0.43,-2.24,21.96,4.8,20.1,37.5,30.8,96.7,44.5714285714286,98.39,46.56,7.86,40.3,58.6,56.7,1.6,35.0,incomplete,大盘今日相对更强；市场处于偏热区间，模型参考定投倍率为 0.6x。
2026-09-02,2026-09-03T09:16:04+08:00,43.9,偏热,0.6,0.23,0.46,-1.27,-0.43,-2.24,21.07,4.8,20.1,37.5,30.8,96.7,33.2285714285714,98.39,46.56,7.86,40.3,58.1,56.7,1.6,35.0,incomplete,大盘今日相对更强；市场处于偏热区间，模型参考定投倍率为 0.6x。
2026-09-03,2026-09-04T09:07:23+08:00,43.7,偏热,0.6,1.16,1.06,0.23,-0.3,-1.12,20.16,4.76,20.1,37.5,30.8,96.7,35.2571428571429,86.82,47.61,8.02,40.3,53.1,56.2,13.2,35.0,incomplete,科技股今日跑赢大盘；市场处于偏热区间，模型参考定投倍率为 0.6x。
2026-09-04,2026-09-08T09:16:07+08:00,42.3,偏热,0.6,0.21,-0.38,0.18,0.35,-0.56,20.04,4.78,20.1,37.5,30.8,96.7,41.8571428571429,86.82,53.62,9.31,40.3,49.8,53.2,13.2,35.0,incomplete,科技股今日跑赢大盘；市场处于偏热区间，模型参考定投倍率为 0.6x。
2026-09-08,2026-09-09T09:20:47+08:00,44.5,偏热,0.6,-0.12,-0.58,0.18,0.35,-0.56,21.71,4.81,20.1,37.5,30.8,96.7,40.6285714285714,86.82,53.62,9.31,40.3,58.6,53.2,13.2,35.0,incomplete,科技股今日跑赢大盘；市场处于偏热区间，模型参考定投倍率为 0.6x。
2026-09-09,2026-09-10T09:14:50+08:00,45.5,偏热,0.6,-0.29,-0.48,-0.08,0.22,-0.35,22.32,4.84,20.1,37.5,30.8,96.7,39.0285714285714,86.82,53.19,9.12,40.3,62.5,53.4,13.2,35.0,incomplete,科技股今日跑赢大盘；市场处于偏热区间，模型参考定投倍率为 0.6x。
2026-09-10,2026-09-11T09:16:51+08:00,48.4,偏热,0.6,-1.08,-0.58,-0.29,1.23,-0.3,23.33,4.94,20.1,37.5,30.8,96.7,33.2571428571429,79.27,51.65,8.71,40.3,70.4,54.2,20.7,35.0,incomplete,大盘今日相对更强；市场处于偏热区间，模型参考定投倍率为 0.6x。
2026-09-11,2026-09-12T09:18:40+08:00,45.8,偏热,0.6,0.91,0.86,-1.06,-0.08,-2.07,21.02,4.97,20.1,37.5,30.8,96.7,33.3428571428571,79.27,46.31,7.46,40.3,57.8,56.8,20.7,35.0,incomplete,科技股今日跑赢大盘；市场处于偏热区间，模型参考定投倍率为 0.6x。
2026-09-14,2026-09-15T09:37:53+08:00,47.0,偏热,0.6,-0.82,-0.48,0.87,-0.39,-2.35,22.05,4.96,20.1,37.5,30.8,96.7,31.0571428571429,79.27,50.77,8.29,40.3,64.5,54.6,20.7,35.0,incomplete,大盘今日相对更强；市场处于偏热区间，模型参考定投倍率为 0.6x。
2026-09-15,2026-09-16T09:30:12+08:00,47.8,偏热,0.6,-0.65,-0.45,-0.8,-1.36,-2.99,22.26,5.0,20.1,37.5,30.8,96.7,28.6571428571429,79.27,46.91,7.34,40.3,66.2,56.5,20.7,35.0,incomplete,大盘今日相对更强；市场处于偏热区间，模型参考定投倍率为 0.6x。
2026-09-16,2026-09-17T09:33:53+08:00,47.8,偏热,0.6,0.02,-0.45,0.03,-1.62,-1.78,22.44,5.01,20.1,37.5,30.8,96.7,26.4857142857143,79.27,44.12,6.52,40.3,68.0,57.9,20.7,20.0,incomplete,科技股今日跑赢大盘；市场处于偏热区间，模型参考定投倍率为 0.6x。
2026-09-17,2026-09-18T09:21:27+08:00,43.5,偏热,0.6,1.73,1.14,0.03,-1.62,-1.78,19.96,4.95,20.1,37.5,30.8,96.7,28.6857142857143,92.83,44.12,6.52,40.3,53.5,57.9,7.2,35.0,incomplete,科技股今日跑赢大盘；市场处于偏热区间，模型参考定投倍率为 0.6x。
2026-09-18,2026-09-19T09:20:47+08:00,41.7,偏热,0.6,0.67,0.17,1.73,1.16,0.12,19.29,5.0,20.1,37.5,30.8,96.7,29.1142857142857,92.83,53.05,8.28,40.3,49.5,53.5,7.2,35.0,incomplete,科技股今日跑赢大盘；市场处于偏热区间，模型参考定投倍率为 0.6x。
2026-09-21,2026-09-22T09:41:11+08:00,39.7,偏热,0.6,2.83,1.49,2.77,4.55,3.93,20.39,4.96,20.1,37.5,30.8,96.7,33.7142857142857,92.83,65.67,11.8,40.3,54.6,37.2,7.2,35.0,incomplete,科技股今日跑赢大盘；市场处于偏热区间，模型参考定投倍率为 0.6x。
